,loss,accuracy,f1,precision,recall
0,0.9157993041074254,0.989671143950166,0.9284463757932268,0.935100459541144,0.9874080303641956
