,loss,accuracy,f1,precision,recall
0,0.9739165478530706,0.9322985434017198,0.6943128366201355,0.7075690354802097,0.9387904041639292
