,loss,accuracy,f1,precision,recall
0,0.909699627125067,0.9959580667276051,0.9752360655762643,0.9760880836053278,0.9955989638482576
