,loss,accuracy,f1,precision,recall
0,0.9077502759599163,0.9979576096892139,0.9866373446945191,0.9866564577248241,0.998380153087129
