,loss,accuracy,f1,precision,recall
0,0.9097855086463896,0.9958723720292505,0.9742271998929245,0.9761259393218792,0.9945846535990591
