,loss,accuracy,f1,precision,recall
0,0.9098109529920644,0.9958438071297989,0.9737543175587405,0.975264159861922,0.9947607404992161
