,loss,accuracy,f1,precision,recall
0,0.9158324578017596,0.9896309414990859,0.9270384179654492,0.9340812034345167,0.9870367008294281
