,loss,accuracy,f1,precision,recall
0,0.9099698130456796,0.9956724177330896,0.9728716984252018,0.9744194715711773,0.9945222427233097
