,loss,accuracy,f1,precision,recall
0,0.9079920428326622,0.9977148080438757,0.9847050371596036,0.9849222226345553,0.9981181586007097
