,loss,accuracy,f1,precision,recall
0,0.9158507100080006,0.9896140141512628,0.9267447801902683,0.9338146302861173,0.9872970120571991
