,loss,accuracy,f1,precision,recall
0,0.9079109505772373,0.9978005027422303,0.9865493011452442,0.9863950134024967,0.9982690054728796
