,loss,accuracy,f1,precision,recall
0,0.915923413427264,0.9895452468007313,0.9275438751454413,0.9348752877809464,0.9868797545045721
