,loss,accuracy,f1,precision,recall
0,0.9155519014084796,0.9899165904936015,0.9281486928621435,0.934594658396113,0.988106365307541
