,loss,accuracy,f1,precision,recall
0,0.9100648029085923,0.9955724405850092,0.9726753202907491,0.9743619016067091,0.9942080741147952
