,loss,accuracy,f1,precision,recall
0,0.9079324511548936,0.9977862202925045,0.9854579731903539,0.9857444573567589,0.998198866547497
