,loss,accuracy,f1,precision,recall
0,0.9079668495729157,0.9977433729433273,0.9863247723250402,0.986070969114845,0.9984909148877005
